Country Name,1991,1992,1993,1994,1995,1996,1997,1998,1999,2000,2001,2002,2003,2004,2005,2006,2007,2008,2009,2010,2011,2012,2013,2014,2015,2016,2017,2018,2019
Afghanistan,74.78299713,76.23500061,80.48000336,84.21399689,80.51300049,81.39800262,82.11399841,82.66500092,83.22799683,83.88400269,84.6760025,79.55699921,79.24199677,79.44000244,78.77500153,78.52899933,77.15599823,76.81500244,72.05799866,67.43299866,62.39099884,55.90299988,55.87799835,55.89699936,56.0870018,56.04600143,55.95700073,55.72800064,55.41899872
Angola,48.93000031,48.9980011,49.41600037,49.8730011,49.28499985,48.81900024,48.01800156,47.48899841,47.9070015,47.48300171,46.83300018,45.41400146,44.85400009,44.43099976,46.57899857,48.14899826,49.98300171,52.08499908,53.1230011,55.74399948,58.00099945,57.6609993,57.04199982,56.40599823,55.95600128,55.99700165,55.78300095,55.52899933,55.25400162
Albania,60.54899979,60.37900162,60.24300003,60.03300095,59.85200119,59.76200104,59.45600128,59.36299896,59.31700134,59.15999985,58.95199966,58.68500137,58.38899994,58.0890007,57.7840004,57.47000122,57.16699982,56.90100098,57.22200012,53.08800125,54.36100006,57.05599976,53.14199829,50.4620018,47.79499817,45.17900085,42.54399872,42.28900146,42.03499985
Arab World,46.80590946,47.82972841,45.9524232,46.31487158,44.49934143,43.63520341,42.66476085,40.57937235,38.98683356,41.1007185,38.05185794,36.17998519,38.1303212,39.35499585,38.68962879,37.1224888,37.40798591,36.0780561,35.50036501,34.07400945,33.37683928,31.24530375,32.10017477,32.05162404,30.76823689,30.22933069,29.90005679,29.8629373,29.80737758
United Arab Emirates,0.068000004,0.066,0.064000003,0.061999999,0.059999999,0.059999999,0.059,0.057999998,0.059,0.059,0.071999997,0.086000003,0.098999999,0.109999999,0.120999999,0.131999999,0.141000003,0.151999995,0.151999995,0.153999999,0.153999999,0.150000006,0.145999998,0.142000005,0.136000007,0.133000001,0.129999995,0.128000006,0.125
Argentina,0.135000005,0.32100001,0.296000004,0.239999995,0.363000005,0.222000003,0.256000012,0.230000004,0.234999999,0.236000001,0.296999991,0.472000003,0.973999977,0.966000021,0.718999982,0.486999989,0.419,0.347000003,0.393000007,0.379999995,0.284000009,0.282999992,0.224999994,0.153999999,0.071000002,0.033,0.015,0.015,0.015
Armenia,47.12200165,47.70100021,47.95500183,47.58100128,47.09799957,46.83499908,46.5719986,46.35200119,46.11700058,45.93500137,45.70199966,45.43399811,45.1570015,44.90299988,44.60800171,44.23199844,43.86800003,44.3769989,45.74200058,47.2820015,45.61899948,44.06399918,44.70199966,40.57899857,40.08800125,36.9109993,36.74399948,36.5890007,36.44100189
Australia,4.03000021,3.891000032,3.904999971,3.72300005,3.59800005,3.61500001,3.651000023,3.470999956,3.474999905,3.433000088,3.446000099,3.032999992,2.622999907,2.680999994,2.453999996,2.365999937,2.285000086,2.220000029,2.217000008,2.282999992,1.889000058,1.916000009,1.666000009,1.827000022,1.850000024,1.68599999,1.65199995,1.628999949,1.605999947
Austria,8.467000008,8.024999619,7.826000214,7.992000103,8.19299984,8.585000038,7.732999802,7.234000206,6.958000183,6.379000187,6.282000065,6.080999851,5.778999805,4.862999916,5.284999847,5.284999847,5.617000103,5.232999802,5.201000214,4.993000031,4.65500021,4.241000175,4.183000088,4.566999912,4.209000111,3.928999901,3.680000067,3.628000021,3.58100009
Azerbaijan,49.41999817,49.29499817,49.11600113,48.86999893,48.63399887,48.3730011,48.15000153,47.93500137,47.74399948,46.20199966,42.79299927,39.33399963,41.82099915,38.02899933,37.35400009,43.31000137,41.99100113,40.69100189,44.17200089,44.52700043,43.94100189,43.92300034,43.5379982,42.66199875,42.06100082,42.10599899,42.1780014,41.93500137,41.68500137
Burundi,96.11299896,96.14600372,96.24900055,96.2990036,96.53199768,96.84799957,96.85399628,96.65299988,96.64800262,96.61599731,96.6210022,96.63999939,96.55699921,96.78800201,96.52999878,96.45400238,96.32099915,96.31800079,96.28500366,96.23899841,96.16400146,96.09600067,96.06999969,95.93399811,96.10800171,96.17099762,96.23300171,96.28500366,96.32900238
Belgium,2.507999897,2.486999989,1.970999956,2.171999931,2.08100009,2.161000013,2.082999945,1.570000052,1.991999984,1.192999959,0.94599998,1.092000008,1.057999969,1.57099998,1.480000019,1.27699995,1.304999948,1.031000018,0.986999989,0.889999986,0.885999978,0.694000006,0.841000021,0.838,0.728999972,0.754000008,0.704999983,0.693000019,0.680999994
Benin,39.23799896,39.05099869,38.98400116,38.16199875,37.77600098,37.96099854,37.67100143,37.70899963,37.43199921,37.0359993,36.93700027,36.99399948,36.83399963,36.96699905,37.11500168,37.04700089,36.6570015,36.30099869,36.36999893,36.37900162,36.11800003,35.71699905,34.99100113,34.54700089,34.60599899,34.49900055,34.1629982,33.77799988,33.36199951
Burkina Faso,84.95600128,84.9980011,84.98899841,85.45800018,83.7990036,82.01599884,79.90000153,77.90100098,75.39700317,73.21399689,70.90100098,68.08799744,64.47599792,60.74599838,57.26599884,52.97100067,48.72499847,45.71699905,41.36899948,37.24599838,33.43399811,29.2670002,25.33300018,21.82699966,21.45899963,20.97100067,20.57299995,20.1760006,19.8409996
Bangladesh,90.66400146,89.6780014,88.39099884,86.79599762,84.78700256,82.27600098,81.19100189,80.27999878,79.52200317,78.78199768,77.44000244,75.96099854,74.27799988,72.48100281,70.48600006,68.19400024,67.51699829,66.86399841,66.24700165,65.53299713,65.31800079,65.02200317,64.73200226,64.35600281,63.86399841,63.38100052,59.84400177,59.43199921,59.0320015
Bulgaria,16.83499908,16.0510006,15.38099957,14.68299961,13.96000004,13.30000019,12.56299973,11.90799999,11.22299957,10.59899998,7.122000217,8.13599968,8.333999634,8.288000107,6.830999851,6.109000206,5.645999908,5.781000137,5.340000153,5.201000214,4.809000015,4.285999775,4.43900013,4.559999943,4.328999996,4.248000145,4.532000065,4.472000122,4.402999878
Bahrain,0.213,0.209999993,0.202999994,0.202999994,0.201000005,0.200000003,0.199000001,0.194999993,0.194000006,0.194999993,0.191,0.169,0.148000002,0.128999993,0.112000003,0.097000003,0.082999997,0.071000002,0.059,0.050000001,0.050999999,0.050999999,0.050999999,0.050999999,0.050999999,0.048999999,0.048,0.046999998,0.045000002
"Bahamas, The",1.434999943,1.422999978,1.389999986,1.606999993,1.049999952,1.218000054,1.94599998,1.228000045,0.930000007,1.148000002,1.389000058,1.649000049,0.58099997,0.430000007,0.340999991,0.472000003,0.237000003,0.725000024,0.521000028,0.513000011,0.500999987,0.499000013,0.488000005,0.476999998,0.463999987,0.453999996,0.44600001,0.439999998,0.432999998
Bosnia and Herzegovina,21.57299995,21.33300018,21.13199997,21.01799965,20.93799973,21.05900002,20.96199989,20.77400017,20.62199974,20.42499924,20.21999931,20.01300049,19.79899979,19.59600067,19.39599991,19.18600082,18.96800041,18.77700043,18.59600067,18.36499977,18.16300011,17.95599937,17.77099991,17.53100014,17.32900047,17.07900047,16.93600082,16.7310009,16.5359993
Belarus,8.126000404,8.086000443,8.052000046,8.005999565,7.967000008,7.921999931,7.813000202,7.734000206,7.668000221,7.602000237,7.538000107,7.473999977,7.403999805,7.328000069,7.254000187,7.181000233,7.109000206,7.03399992,6.973999977,6.90199995,6.831999779,6.769999981,6.706999779,6.643000126,6.585999966,6.653999805,7.281000137,7.209000111,7.140999794
Belize,4.493999958,4.488999844,4.443999767,4.355000019,5.897999763,4.96600008,5.831999779,5.048999786,6.127999783,5.56799984,5.053999901,4.586999893,4.092000008,3.64199996,3.234999895,3.49000001,3.767999887,4.010000229,4.236000061,4.453999996,4.670000076,4.881000042,4.913000107,4.763000011,4.747000217,3.078999996,5.276000023,5.232999802,5.181000233
Bolivia,41.26599884,41.23099899,41.01900101,40.82699966,40.65299988,40.43700027,40.21300125,39.93000031,39.97499847,37.22999954,42.26100159,39.12099838,34.43299866,34.44800186,37.10400009,37.01800156,36.52099991,31.33200073,30.75300026,30.60199928,30.39800072,27.28199959,29.19400024,31.37700081,28.30999947,29.9260006,28.37700081,28.25200081,28.13199997
Brazil,14.31900024,14.28100014,14.25199986,14.20300007,14.12199974,12.88199997,12.98200035,12.84899998,13.31299973,14.4090004,15.4829998,15.93700027,15.58100033,15.66399956,15.66499996,14.74699974,13.79100037,13.02900028,12.14599991,11.56700039,11.00899982,5.900000095,5.665999889,5.210000038,5.052000046,4.758999825,4.289000034,4.230000019,4.157000065
Barbados,4.354000092,4.301000118,4.245999813,4.177999973,4.149000168,4.118999958,4.053999901,3.782999992,3.529999971,3.278000116,3.114000082,2.95600009,2.803999901,2.660000086,2.513000011,2.380000114,2.247999907,2.118000031,2.005000114,1.889000058,2.203999996,2.088000059,1.940999985,1.325999975,1.567000031,1.840000033,1.81400001,1.789999962,1.768000007
Brunei Darussalam,1.636999965,1.539000034,1.450999975,1.366000056,1.281000018,1.217000008,1.161000013,1.100999951,1.055999994,1.011999965,0.94599998,0.888000011,0.838999987,0.797999978,0.759000003,0.713999987,0.670000017,0.637000024,0.593999982,0.561999977,0.529999971,0.497999996,0.469999999,0.44600001,0.481000006,0.486999989,0.444000006,0.430000007,0.423000008
Bhutan,79.54499817,79.15599823,78.76599884,78.39099884,77.83000183,77.27899933,76.83399963,76.25900269,75.71399689,75.24199677,74.71900177,74.09100342,73.59300232,73.01699829,72.34899902,72.05899811,70.57800293,69.30899811,67.71399689,65.93000031,68.32499695,66.96099854,66.30699921,66.8809967,66.42199707,65.89099884,65.41300201,64.80699921,64.3219986
Botswana,10.97999954,10.81799984,10.67800045,10.55099964,10.40200043,10.26799965,11.55500031,12.7329998,14.98499966,17.12100029,15.52299976,13.91499996,12.27000046,13.56499958,14.99300003,16.30599976,17.52300072,18.68099976,19.95100021,19.70400047,19.52499962,19.11199951,18.85300064,18.68600082,18.45599937,18.27899933,18.0720005,17.8579998,17.62100029
Central African Republic,72.14900208,72.71800232,73.02100372,72.23799896,72.08499908,73.67199707,73.39299774,73.23000336,72.49500275,72.93699646,73.19300079,73.25800323,74.4509964,74.23999786,74.03099823,73.53500366,73.13600159,72.93699646,72.82099915,72.65799713,72.63999939,72.31900024,76.34300232,76.07499695,75.86199951,75.54100037,75.26100159,74.98500061,74.63700104
Canada,2.385999918,2.292000055,2.371000051,2.296000004,2.118999958,2.092000008,2.036999941,2.061000109,1.940000057,1.65199995,1.343000054,1.361999989,1.322000027,1.286000013,1.353999972,1.38499999,1.307000041,1.207000017,1.192999959,1.110999942,1.095999956,1.111999989,1.085000038,1.054999948,1.014000058,1.136999965,0.963,0.947000027,0.934000015
Central Europe and the Baltics,21.52576653,22.26721972,22.59774337,23.13429299,23.01928987,21.60863384,22.11940303,21.65823922,21.65220293,21.21105384,20.79986869,18.28223804,17.22965132,15.55242109,15.16939782,14.09874689,13.38110228,12.84094164,12.70796324,12.85657186,12.35018966,11.98450728,11.43572374,10.87006173,9.999425006,8.883511316,8.669240712,8.528714059,8.406241496
Switzerland,3.961999893,4.005000114,4.197000027,4.085000038,3.744999886,3.342000008,3.711999893,3.778000116,3.660000086,4.010000229,3.38499999,3.346999884,3.262000084,2.885999918,2.835999966,2.709000111,2.790999889,2.667999983,2.444000006,2.677000046,2.857000113,2.951999903,2.767999887,2.704999924,2.871999979,2.857000113,2.586999893,2.552000046,2.517999887
Channel Islands,4.625,4.571000099,4.514999866,4.455999851,4.388999939,4.328999996,4.265999794,4.209000111,4.169000149,4.116000175,4.06099987,4.014999866,3.963999987,3.901000023,3.852999926,3.803999901,3.746999979,3.701999903,3.657999992,3.611999989,3.54399991,3.499000072,3.453999996,3.411000013,3.359999895,3.316999912,3.272000074,3.224999905,3.178999901
Chile,6.184999943,6.09800005,6.084000111,5.06799984,5.388000011,5.31400013,4.506999969,4.56099987,4.646999836,4.636000156,4.672999859,4.756999969,4.925000191,5.484000206,5.826000214,5.827000141,5.646999836,5.482999802,5.302000046,5.113999844,5.074999809,4.953000069,4.677000046,4.498000145,4.507999897,4.893000126,5.326000214,5.250999928,5.172999859
China,56.74000168,55.52399826,53.40100098,51.26900101,49.14899826,47.44200134,46.83800125,46.73799896,47.03699875,46.94499969,46.93899918,46.93500137,46.02299881,43.8219986,41.72800064,39.54299927,37.76599884,36.58599854,35.12599945,33.75299835,31.90699959,30.75099945,28.6439991,26.82799911,25.96999931,25.11700058,24.43799973,24.23500061,24.03199959
Cote d'Ivoire,44.81700134,44.7480011,44.56700134,43.91699982,43.68999863,43.4280014,43.38199997,42.92100143,42.65200043,42.8030014,42.60599899,42.8390007,43.04100037,42.38299942,41.86100006,41.76399994,41.49200058,41.42100143,41.0719986,40.89300156,41.44599915,40.43399811,39.95700073,40.48400116,40.96500015,41.06600189,40.58499908,40.13999939,39.71099854
Cameroon,70.35600281,70.5510025,70.78600311,71.00099945,70.71700287,70.35600281,70.19999695,69.77600098,69.64700317,69.69200134,69.04199982,68.59899902,67.9980011,67.35399628,67.15399933,66.77300262,66.04199982,64.45800018,62.65499878,61.03300095,59.11999893,57.36800003,55.33200073,53.30899811,52.79100037,52.43700027,52.15999985,51.85900116,51.52700043
"Congo, Dem. Rep.",74.27799988,76.66699982,78.47499847,79.96700287,80.06600189,79.14600372,80.7009964,81.05599976,81.92700195,80.8030014,81.81600189,81.26999664,80.70999908,80.47499847,79.90000153,79.50299835,79.22399902,79.51799774,79.39900208,79.45600128,79.34300232,78.88899994,78.39399719,77.84100342,77.18900299,77.04100037,76.93399811,76.79199982,76.61699677
"Congo, Rep.",40.98699951,40.73799896,40.63199997,41.70299911,41.63199997,41.92100143,42.23899841,41.18199921,42.37799835,42.72100067,41.91699982,41.40800095,41.02999878,41.15000153,41.1780014,41.09999847,40.63199997,40.6570015,39.96500015,39.99700165,39.79600143,39.3219986,38.82600021,38.23099899,36.85900116,36.5909996,36.68000031,36.48500061,36.41699982
Colombia,7.274000168,7.157999992,7.087999821,6.949999809,6.954999924,6.831999779,6.765999794,6.68200016,6.574999809,6.447000027,6.407999992,6.657999992,7.846000195,7.5,7.18900013,6.202000141,6.048999786,5.962999821,6.157000065,6.952000141,7.012000084,7.539000034,7.001999855,6.938000202,7.190000057,7.218999863,7.712999821,7.616000175,7.511000156
Comoros,62.88700104,62.23199844,62.18000031,63.25500107,63.28300095,63.74399948,63.52299881,63.63600159,63.6609993,63.25500107,63.22200012,63.14799881,63.13100052,63.13399887,63.06299973,62.96500015,62.98500061,63.09600067,63.38999939,63.70999908,63.5870018,63.74100113,63.79499817,63.64199829,63.45700073,63.36199951,63.2820015,63.01399994,62.73199844
Cabo Verde,14.56599998,14.16100025,13.76500034,13.13000011,12.65299988,12.34399986,11.92000008,11.53600025,11.28299999,10.92199993,10.64999962,10.41300011,10.33699989,10.08199978,9.819999695,9.524999619,9.114999771,9.017999649,9.001000404,8.836000443,8.718999863,8.614999771,8.588000298,8.588999748,8.527999878,8.388999939,8.281999588,8.164999962,8.048999786
Costa Rica,3.835000038,3.785000086,3.77699995,3.766000032,3.746000051,3.654000044,3.714999914,3.739000082,3.711999893,3.632999897,3.720000029,4.090000153,4.056000233,3.986999989,4.761000156,4.340000153,5.03000021,4.131000042,3.874000072,3.638999939,3.35800004,2.960000038,2.915999889,3.915999889,4.199999809,4.198999882,4.524000168,4.472000122,4.420000076
Caribbean small states,11.73511326,11.49159999,9.567399062,9.712794317,9.16241471,8.651237387,7.890193517,7.379737959,6.638094229,6.601318384,6.66717706,6.385379712,5.828811061,5.750452539,5.427074296,5.436994157,5.257616891,5.288766468,5.273774197,5.239077517,5.255061025,5.082709753,5.060847777,4.968325182,4.989847251,5.322961532,5.666104505,5.691369856,5.618481034
Cuba,14.04599953,14.16100025,14.20300007,13.36400032,12.82800007,12.875,12.8920002,13.44400024,13.87100029,13.90200043,13.02999973,12.16800022,11.33699989,10.55599976,9.862999916,9.204000473,8.559000015,8.538000107,8.305999756,8.465999603,8.833000183,8.145000458,7.782000065,8.083000183,7.978000164,7.857999802,7.738999844,7.624000072,7.510000229
Cyprus,14.15100002,13.16699982,12.51299953,10.8739996,10.49100018,9.027000427,7.721000195,6.539000034,5.500999928,4.611000061,3.931999922,4.214000225,3.875999928,3.997999907,3.444000006,2.878999949,2.359999895,2.674999952,2.964999914,2.492000103,2.362999916,1.850999951,1.682000041,2.062999964,2.071000099,1.639000058,1.077999949,1.059000015,1.036999941
Czech Republic,6.410999775,6.340000153,6.244999886,5.691999912,5.448999882,4.842000008,4.31799984,4.153999805,3.900000095,3.799999952,3.380000114,3.45600009,3.207999945,3.190999985,2.822999954,2.79399991,2.532000065,2.305000067,2.220999956,1.917000055,1.873999953,1.927000046,2.066999912,1.636999965,1.636999965,1.720000029,1.789999962,1.763000011,1.736999989
Germany,3.174000025,3.137000084,3.108999968,3.072999954,3.032000065,2.59800005,2.552000046,2.335000038,2.351999998,2.111000061,2.066999912,1.963999987,1.830000043,1.702999949,1.73300004,1.605000019,1.611999989,1.32099998,1.245000005,1.197000027,1.177000046,1.097000003,1.008000016,1.008999944,0.95599997,0.893000007,0.883000016,0.869000018,0.856000006
Djibouti,60.74599838,60.05500031,60.11899948,59.84899902,60.07799911,60.32400131,60.35699844,60.18600082,60.02099991,59.9640007,59.75899887,59.50099945,59.13100052,58.76900101,58.4090004,58.01499939,57.73099899,57.1269989,56.72200012,56.40800095,55.80500031,55.42300034,55.07400131,54.93700027,54.21900177,53.69800186,53.10699844,52.52000046,51.93700027
Denmark,2.678999901,2.642999887,2.608999968,2.576999903,2.519999981,2.073999882,1.659999967,1.779000044,1.452000022,1.962000012,1.707999945,1.629999995,1.764000058,1.868000031,1.605999947,1.463000059,1.572999954,1.090999961,1.121000051,0.850000024,0.883000016,1.085999966,0.986000001,0.893999994,1.059000015,1.039000034,1.00999999,0.991999984,0.97299999
Dominican Republic,3.663000107,3.664999962,3.648999929,3.607000113,3.585999966,3.566999912,2.296000004,2.414000034,2.868000031,2.47300005,1.731999993,1.73300004,1.473999977,1.797999978,2.586999893,1.963000059,1.787999988,2.65899992,1.797999978,2.148999929,1.968000054,1.59800005,1.547999978,2.282999992,1.478000045,1.149999976,1.315999985,1.292999983,1.271999955
Algeria,14.17099953,14.0170002,13.89799976,13.79399967,13.71700001,13.61100006,13.47099972,13.23999977,13.18700027,13.22500038,13.03600025,12.29699993,11.6079998,10.06200027,8.616000175,7.34100008,6.168000221,5.190000057,4.282000065,3.539999962,2.960999966,2.933000088,2.885999918,2.815000057,2.753000021,2.729000092,3.164999962,3.125,3.088000059
East Asia & Pacific (excluding high income),57.09512566,56.34093563,54.12481683,52.0859029,50.01318674,48.65334218,47.82660569,47.9403617,47.86642311,47.98153148,47.54977557,47.41770808,46.67941727,44.56102136,42.65402497,40.68014223,39.21108053,38.26344207,36.93797866,35.78850206,34.34985283,33.31244197,31.45301361,29.8225524,28.86608987,27.73351471,26.90754381,26.69548607,26.48644761
Early-demographic dividend,59.8426334,59.71792841,58.54620606,57.81238943,57.10408588,56.74298431,55.79395628,55.68816574,55.17721682,55.30523181,54.67421403,54.68498141,54.71340058,53.85366209,53.27283277,51.69332321,50.73211043,49.69983092,48.50921759,47.4189027,45.72976728,43.96172325,43.48192902,43.06681453,42.41437862,41.75624843,41.15637547,40.83961824,40.53259776
East Asia & Pacific,52.19036524,51.49029452,49.5075677,47.64097909,45.75161662,44.50707409,43.72839775,43.93109966,43.86181582,43.94017267,43.48143464,43.3325222,42.64978831,40.68656445,38.91747622,37.09651032,35.75588956,34.87278397,33.68761712,32.62214536,31.31230273,30.35613692,28.63495358,27.13425508,26.23226075,25.16950431,24.39051349,24.18837452,23.99320858
Europe & Central Asia (excluding high income),24.55258568,24.7959251,24.37197646,25.93840352,26.16665637,25.75310167,24.52507743,24.66673319,26.74380147,25.77120277,24.2968393,22.98729365,22.15922012,20.58152999,20.27731343,19.74625294,19.06339771,18.83623073,18.71075662,18.64371575,18.69634174,18.28195262,18.19123067,16.86441665,16.40006515,15.86111076,15.37934335,15.34997975,15.30937131
Europe & Central Asia,15.68268289,15.76051411,15.32028013,15.86345016,15.68807079,15.18679224,14.37305604,14.10979296,14.90427591,14.26864836,13.49570617,12.78928809,12.20269336,11.33212094,11.13383012,10.74527514,10.34096189,10.05738581,9.949135972,9.928124242,9.931230374,9.715393934,9.578143225,8.887939164,8.611095811,8.260642619,7.986406833,7.923806081,7.858853523
Ecuador,27.11199951,26.92099953,26.73200035,26.50600052,26.30200005,26.11100006,25.89800072,25.7689991,25.66200066,25.47800064,25.21500015,24.17499924,23.11499977,26.06500053,25.32600021,25.0510006,22.67900085,21.61400032,21.93600082,20.88500023,20.87700081,21.0739994,20.71899986,20.10700035,22.56900024,23.82999992,24.77499962,24.56500053,24.36100006
"Egypt, Arab Rep.",52.93700027,52.52099991,46.46699905,46.98899841,42.48099899,41.4620018,40.52099991,35.33800125,31.92000008,39.4070015,31.91500092,27.56800079,39.06700134,46.77500153,46.65800095,43.32799911,46.56200027,45.62200165,46.06399918,42.86500168,43.36999893,37.58800125,42.86700058,43.22299957,40.20500183,38.39899826,36.88499832,36.65800095,36.42200089
Euro area,6.386299883,6.325774695,6.043941431,5.81099756,5.557345046,5.232682669,5.21420756,4.865889334,4.605237769,4.332820849,4.168309377,3.984601638,3.838150236,3.52153871,3.411864557,3.288381731,3.117462307,2.786821129,2.734253394,2.667435985,2.515994526,2.436902765,2.30295926,2.238763345,2.138608862,2.049188083,2.001337505,1.974403499,1.944886379
Eritrea,71.97299957,72.88700104,70.79499817,68.97799683,68.39700317,67.55599976,66.9260025,67.96499634,67.89900208,67.25,67.02200317,66.28600311,66.70600128,66.63500214,68.63500214,68.93599701,68.96499634,69.68199921,68.5719986,69.21700287,68.33200073,67.68000031,67.66799927,67.27700043,66.95800018,66.77600098,66.61000061,66.42299652,66.24500275
Spain,8.201999664,8.114999771,8.06499958,7.427999973,7.125,6.125999928,5.842000008,5.327000141,5.051000118,4.768000126,4.497000217,3.976000071,3.901000023,3.657999992,3.523000002,3.272000074,2.944999933,2.565999985,2.444000006,2.437000036,2.382999897,2.405999899,2.233999968,2.237999916,2.104000092,2.135999918,2.269000053,2.224999905,2.184000015
Estonia,13.97799969,13.21000004,11.50599957,10.29899979,7.745999813,7.197000027,7,6.497000217,6.495999813,4.446000099,2.963999987,4.122000217,3.795000076,2.70600009,3.223999977,3.184000015,3.059000015,2.40899992,2.608999968,2.806999922,2.460999966,2.51699996,2.262000084,2.236000061,2.505000114,1.996999979,1.927000046,1.893000007,1.860000014
Ethiopia,69.34600067,71.33300018,69.79799652,68.87200165,68.55599976,67.3010025,67.54499817,67.90899658,67.07700348,67.82299805,68.66500092,69.91000366,72.10600281,72.83899689,73.40399933,72.53199768,71.42199707,70.48899841,69.51100159,67.66899872,66.0759964,65.33699799,63.59199905,62.63299942,61.67300034,61.14599991,60.30599976,59.52399826,58.75799942
European Union,9.174977307,9.332089742,9.228279427,9.196588283,8.999382493,8.37548688,8.400699238,8.050574074,7.780808971,7.40514604,7.141872763,6.301457037,5.953493072,5.398698526,5.256566257,4.957547997,4.737743949,4.438264538,4.334166498,4.318419724,4.121739421,4.008379098,3.788833017,3.646051449,3.409197007,3.140524415,3.08093707,3.026897089,2.972112192
Fragile and conflict affected situations,70.01179625,70.5343321,71.16351407,71.51385145,70.93757982,70.23155754,69.82597212,69.42422569,69.21713055,68.84311222,68.71064385,68.09896792,67.71633197,67.30741698,66.98583548,66.60045932,66.16435891,65.84428889,65.12256997,64.58659591,63.93682523,63.35024496,62.910441,62.59607082,62.0291893,61.88520557,61.64657239,61.53336614,61.38344562
Finland,6.565000057,6.264999866,5.964000225,5.986999989,5.302000046,5.703000069,5.31799984,4.617000103,4.380000114,3.90199995,3.779000044,3.730000019,3.426000118,3.007999897,2.915999889,2.799999952,2.584000111,2.687999964,2.845000029,2.773000002,2.404999971,2.316999912,2.259000063,2.319999933,2.197999954,2.088999987,2.15199995,2.112999916,2.076999903
Fiji,46.92300034,46.61700058,46.32099915,46.0379982,45.72999954,45.43799973,45.13399887,44.83800125,44.54899979,44.20199966,43.80099869,43.50799942,43.21900177,42.85499954,42.59600067,42.35200119,42.19499969,41.9469986,41.77899933,41.55500031,41.3730011,41.04999924,40.57799911,39.91699982,39.52700043,39.30799866,38.9980011,38.67499924,38.34899902
France,4.373000145,4.401000023,4.446000099,3.937000036,3.711999893,3.513999939,3.348999977,3.072999954,2.979000092,2.838999987,2.822000027,2.77699995,2.676000118,2.638000011,2.276000023,2.224999905,2.144999981,1.832999945,1.878999949,1.764000058,1.873000026,1.833999991,1.838000059,1.644999981,1.636000037,1.621999979,1.583999991,1.557000041,1.531000018
Gabon,63.4070015,63.25699997,62.89400101,63.43099976,63.0909996,63.06299973,62.65000153,61.63100052,62.13000107,62.55799866,62.00999832,61.75,61.49000168,61.49100113,61.59899902,61.41600037,60.99399948,61.20899963,60.625,60.27899933,60.10599899,59.47800064,58.88000107,58.19599915,57.52999878,57.4640007,57.13600159,56.77899933,56.38700104
United Kingdom,1.097000003,1.092000008,1.080000043,1.154999971,1.230000019,1.164000034,1.057999969,0.921999991,0.758000016,0.773999989,0.680999994,0.690999985,0.583000004,0.595000029,0.727999985,0.667999983,0.746999979,0.726999998,0.552999973,0.605000019,0.657000005,0.68599999,0.601000011,0.712000012,0.644999981,0.625,0.646000028,0.63499999,0.624000013
Georgia,52.23699951,52.05199814,51.77600098,51.55699921,51.40100098,51.27600098,51.13800049,50.97000122,54.13700104,57.78699875,52.7879982,55.2840004,56.83800125,56.4980011,57.20899963,57.37099838,56.59000015,56.00799942,55.45700073,54.90399933,54.30799866,53.82600021,52.70600128,51.55400085,50.31600189,49.07500076,45.66600037,45.45199966,45.23699951
Ghana,51.72999954,51.43899918,51.94200134,51.73099899,51.29499817,51.0719986,50.40599823,50.01499939,49.63399887,49.84899902,50.04000092,50.24599838,50.51900101,50.78099823,50.92499924,51.0019989,49.85200119,48.75699997,47.58300018,46.03099823,44.61299896,43.16500092,41.7159996,34.75600052,27.75200081,27.2840004,26.85000038,26.42099953,26.04199982
Guinea,74.44799805,73.53500366,73.93499756,74.49099731,75.03099823,75.08999634,74.88700104,74.40000153,74.61399841,74.49500275,74.16400146,74.29000092,72.66200256,72.77899933,72.83699799,73.15000153,72.56300354,72.58399963,72.8030014,72.80500031,72.31600189,72.10600281,71.75299835,71.6210022,71.15699768,71.70200348,70.78600311,70.38300323,69.96499634
"Gambia, The",38.13499832,37.95399857,37.93999863,38.53699875,38.8219986,38.88700104,38.48199844,38.20299911,38.53900146,38.26200104,38.35900116,38.9109993,38.8429985,38.8390007,39.26100159,38.57300186,38.18299866,38.62400055,38.36399841,38.40100098,38.11500168,37.85900116,37.45700073,37.20600128,37.08800125,37.04199982,36.93799973,36.68799973,36.43500137
Guinea-Bissau,71.91699982,72.10700226,72.73600006,72.58399963,72.28600311,71.69100189,69.18299866,72.44000244,72.74099731,72.16799927,71.62999725,72.64499664,72.72699738,72.48100281,72.42299652,72.08000183,72.03700256,72.31800079,71.87400055,71.83399963,71.17199707,71.80599976,71.39900208,71.29699707,71.16999817,70.68800354,70.3219986,70.1269989,69.92199707
Equatorial Guinea,53.81999969,53.31000137,53.0890007,53.20199966,52.82799911,52.60400009,52.34999847,51.46900177,50.75899887,50.21900177,48.89300156,48.03300095,47.43700027,47.05400085,46.84000015,46.5890007,45.60300064,44.86000061,44.14199829,44.0320015,43.78099823,43.5,43.07500076,42.74100113,42.02999878,41.61000061,41.63700104,41.50999832,41.35699844
Greece,25.71299934,25.48500061,25.34300041,24.87800026,23.92700005,23.94599915,23.15299988,20.45999908,19.79199982,19.65099907,17.4109993,16.95599937,16.57299995,13.88199997,13.52600002,12.86699963,12.1260004,11.61200047,11.85400009,12.58199978,12.63500023,12.94400024,13.4460001,12.98099995,12.35200024,11.74300003,11.47299957,11.33199978,11.1789999
Guatemala,16.04500008,16.06800079,16.05800056,16.06100082,16.09199905,16.08099937,16.10700035,16.13400078,17.12100029,18.12700081,16.84799957,15.94900036,15.01399994,13.80000019,14.5170002,15.20199966,14.76000023,14.33100033,13.91899967,13.48900032,14.43799973,12.48499966,9.62100029,11.1590004,9.805999756,9.329999924,9.30700016,9.256999969,9.204999924
Guam,0.118000001,0.115000002,0.114,0.112000003,0.108999997,0.107000001,0.104999997,0.103,0.101999998,0.100000001,0.093999997,0.089000002,0.082999997,0.078000002,0.072999999,0.068999998,0.064999998,0.061000001,0.059,0.056000002,0.054000001,0.054000001,0.052999999,0.052000001,0.050999999,0.050000001,0.048,0.046999998,0.046
Guyana,18.32500076,18.09199905,17.88299942,17.55400085,17.27000046,16.92200089,16.58699989,14.57699966,12.59799957,10.75199986,9.001000404,7.385000229,7.257999897,7.166999817,7.061999798,7.008999825,6.973999977,6.93200016,6.873000145,6.806000233,6.760000229,6.703999996,6.639999866,6.56799984,6.491000175,6.414999962,6.322000027,6.228000164,6.133999825
High income,5.669528337,5.466943992,5.194933102,5.063887499,4.859491323,4.635568874,4.471952779,4.326736941,4.107190574,3.761730764,3.636204778,3.486876504,3.324130278,3.14258433,3.075392372,2.940012216,2.807071723,2.690924768,2.622228699,2.557813537,2.467641721,2.374967234,2.235108707,2.167937597,2.118730766,2.037832836,1.98250031,1.953571961,1.923836141
"Hong Kong SAR, China",0.634000003,0.439999998,0.370000005,0.379000008,0.379999995,0.26699999,0.221000001,0.222000003,0.210999995,0.219999999,0.150999993,0.208000004,0.170000002,0.181999996,0.178000003,0.191,0.148000002,0.163000003,0.150999993,0.150000006,0.148000002,0.148000002,0.149000004,0.143000007,0.143000007,0.141000003,0.138999999,0.136000007,0.134000003
Honduras,6.868000031,6.803999901,6.763999939,6.632999897,7.285999775,7.997000217,7.31400013,8.013999939,8.737999916,7.929999828,7.235000134,9.30300045,8.718000412,7.30700016,8.414999962,10.92800045,9.392000198,9.835000038,11.11100006,11.91499996,9.050999641,10.69499969,9.616999626,8.963000298,7.467999935,7.875,9.399999619,9.380999565,9.338999748
Heavily indebted poor countries (HIPC),71.58575051,72.2369342,72.36559061,72.42250258,72.10274329,71.62314597,71.53468717,71.39562736,71.20042579,71.02624743,71.18108467,70.92569254,70.74355209,70.59149479,70.2963013,69.6283172,68.87892173,68.19966942,67.37596742,66.26689138,65.1777356,64.01591325,63.40250699,62.33487519,61.5651544,61.41564976,61.11580411,60.78766671,60.440728
Croatia,22.00799942,22.13800049,22.19000053,21.91500092,21.48699951,21.21199989,19.03800011,18.20299911,17.44499969,16.68400002,15.92599964,15.18900013,17.61100006,18.15800095,18.90200043,14.94900036,13.56599998,13.99499989,14.17300034,15.49199963,15.38199997,12.17300034,9.890000343,7.982999802,7.427999973,5.547999859,5.132999897,5.048999786,4.984000206
Haiti,33.08300018,34.55400085,34.38499832,35.55799866,34.36000061,34.42900085,34.40499878,34.82899857,35.01200104,34.72600174,34.93799973,34.89699936,34.96900177,35.31299973,35.31299973,35.18299866,34.89099884,34.46300125,34.50099945,35.12200165,34.74200058,34.59700012,34.53699875,34.38700104,34.17699814,34.19300079,34.19400024,34.13600159,34.06900024
Hungary,8.062999725,7.998000145,6.119999886,5.493999958,4.657999992,4.277999878,4.260000229,3.878000021,3.653000116,3.336999893,3.424000025,3.690999985,2.65899992,2.667000055,2.640000105,2.621000051,2.278000116,2.312999964,2.585999966,2.305999994,2.64199996,2.801000118,2.607000113,2.63499999,2.644999981,2.84100008,2.839999914,2.792999983,2.75
IBRD only,50.06028458,49.59029475,48.1158609,47.02052755,45.70405137,44.81467284,44.18099679,44.16818469,44.27560282,44.27375481,43.77767551,43.54739073,43.01208835,41.4913736,40.18015171,38.41037954,37.01522467,35.96342074,34.76680502,33.67328215,32.13487385,30.48485924,29.29191021,28.11507393,27.42775289,26.72956883,26.15233415,25.93110249,25.72338352
IDA & IBRD total,53.1721865,52.84453173,51.64905243,50.75913545,49.65422695,48.85900119,48.33130717,48.31449061,48.39424131,48.43214439,48.03621421,47.85300888,47.39946682,46.10474514,45.00670737,43.49953508,42.33191928,41.4828886,40.42753565,39.50943169,38.23226156,36.86481783,35.90122642,34.92745085,34.36688483,33.9121898,33.48958651,33.39741657,33.31880692
IDA total,68.96448651,69.24057517,69.19567533,69.06824158,68.75921123,68.14031498,67.77959917,67.44080496,67.1506486,67.11177727,66.85190395,66.60450942,66.20135017,65.63549062,65.1606107,64.33878527,63.74758127,63.21076591,62.2377392,61.40869454,60.59927329,59.77618482,59.22166003,58.46734367,57.86737912,57.78900274,57.24906705,56.98501639,56.70648544
IDA blend,53.80703084,53.89621797,53.77562313,53.52970578,53.43668528,53.31355603,53.18549039,52.73154602,52.69637236,53.28614521,53.12665887,53.55663435,53.47905484,52.87737619,52.90189568,52.43448059,52.50883204,52.38830754,51.12759264,50.91493621,50.38222291,49.74635653,48.98665128,48.38640903,47.88788904,48.09513864,47.85952053,47.69246854,47.49141766
Indonesia,54.63700104,56.6780014,51.27099991,47.39300156,43.90499878,44.97499847,41.97600174,46.01100159,43.89599991,46.73500061,44.52399826,45.39899826,47.54199982,44.62400055,44.3769989,41.12799835,41.40299988,41.35599899,39.93700027,38.40000153,36.79100037,35.26399994,33.90800095,33.36600113,32.60699844,30.06500053,28.8220005,28.53000069,28.24099922
IDA only,74.45668341,74.79971398,74.7911806,74.71655829,74.2022697,73.44119986,73.05601593,72.75134578,72.37743219,72.1450492,71.82369048,71.32803415,70.84221254,70.33315345,69.69132824,68.78639669,67.98007655,67.30407475,66.49945143,65.46701802,64.59414956,63.71485385,63.2434188,62.42762597,61.75997684,61.53701502,60.84068761,60.53782189,60.22304997
India,76.27899933,76.01999664,75.76100159,75.45700073,75.23300171,75.08300018,74.96399689,74.79599762,74.41999817,74.3789978,73.90499878,73.42900085,72.82499695,72.11000061,71.43499756,70.39800262,69.23400116,68.21299744,66.98100281,65.60700226,62.79700089,59.9679985,59.57799911,59.08800125,58.59500122,58.1629982,57.625,57.06000137,56.5019989
Ireland,4.002999783,3.987999916,3.979000092,3.720999956,3.604000092,3.763999939,3.503000021,2.710000038,2.453999996,2.180000067,1.886000037,1.715999961,1.81400001,1.440000057,1.299000025,1.327000022,1.54400003,1.661999941,1.718000054,1.894000053,1.646999955,1.626000047,1.68900001,1.730000019,1.593999982,1.546000004,1.552000046,1.518000007,1.488999963
"Iran, Islamic Rep.",17.29299927,17.24099922,17.45499992,17.37000084,17.29400063,17.16699982,18.87299919,20.65800095,22.63199997,24.50099945,26.30999947,28.34300041,30.09199905,31.82699966,33.59000015,30.86499977,33.07400131,30.68799973,30.49900055,27.96299934,26.70899963,25.13400078,23.59600067,21.84499931,22.84199905,21.98800087,21.29599953,21.06800079,20.84199905
Iraq,32.43799973,33.80899811,33.10800171,32.81600189,32.63299942,32.25600052,31.84900093,30.82600021,30.49500084,30.42200089,29.95700073,29.90399933,30.50699997,28.87400055,28.68199921,28.13299942,27.83799934,27.51399994,26.86000061,26.67900085,26.57699966,25.97999954,25.56200027,25.31500053,24.52899933,23.98399925,23.74300003,23.55900002,23.33499908
Iceland,5.118999958,4.491000175,3.292999983,4.217000008,4.372000217,4.925000191,4.238999844,4.93599987,4.743999958,4.276000023,3.388000011,3.447999954,2.987999916,2.763000011,3.069000006,2.858999968,2.50999999,2.263999939,2.122999907,2.23300004,1.911000013,2.14199996,2.447000027,1.985000014,1.743999958,2.180999994,1.958999991,1.925999999,1.891000032
Israel,1.871000051,1.896999955,1.868000031,1.77699995,1.56400001,1.337000012,1.230000019,1.14199996,1.133999944,1.029000044,0.921999991,0.896000028,0.828999996,0.885999978,0.848999977,0.727999985,0.649999976,0.656000018,0.667999983,0.75999999,0.549000025,0.639999986,0.675999999,0.593999982,0.603999972,0.556999981,0.504000008,0.497000009,0.49000001
Italy,8.63599968,8.552000046,7.196000099,6.829999924,6.403999805,5.611000061,5.223999977,5.065999985,4.513999939,4.350999832,4.367000103,3.930999994,3.693000078,3.160000086,3.263000011,3.322000027,3.055000067,2.829999924,2.661000013,2.713999987,2.634000063,2.573999882,2.427999973,2.403000116,2.431999922,2.510999918,2.345999956,2.312999964,2.280999899
Jamaica,15.84700012,15.76900005,11.87199974,11.9659996,11.51599979,11.04599953,9.890999794,9.597000122,8.718000412,9.128000259,9.520999908,9.779999733,8.786000252,8.776000023,8.421999931,8.307999611,8.038999557,8.052000046,8.020999908,7.979000092,7.960000038,7.991000175,8.104999542,7.960000038,7.915999889,8.635000229,9.093000412,9.052000046,8.934000015
Jordan,3.684999943,3.602999926,3.551000118,3.492000103,3.436000109,3.404000044,3.361999989,3.319000006,3.273999929,3.230999947,3.178999901,3.147000074,2.174999952,1.332999945,1.302999973,1.284000039,1.296000004,1.274999976,1.264000058,1.256999969,1.248999953,1.231999993,1.197000027,1.18599999,1.169999957,1.156000018,1.14199996,1.129999995,1.113999963
Japan,7.778999805,7.289000034,6.775000095,6.577000141,6.493999958,6.255000114,6.022999763,5.972000122,5.755000114,5.546999931,5.282000065,4.958000183,4.900000095,4.710999966,4.573999882,4.438000202,4.304999828,4.249000072,4.107999802,3.926000118,3.720999956,3.535000086,3.381000042,3.301000118,3.224999905,3.049999952,2.993000031,2.95600009,2.921000004
Kazakhstan,36.17100143,35.99100113,35.82300186,35.63399887,35.46300125,35.26699829,35.06399918,34.87099838,34.66500092,34.43299866,34.18500137,34.67300034,34.00699997,31.95700073,31.31699944,30.15800095,29.70700073,29.14900017,28.38199997,27.40600014,26.26300049,24.99799919,23.2329998,20.91399956,17.0890007,15.40299988,14.33300018,14.21399975,14.09599972
Kenya,57.08499908,57.16600037,57.15399933,56.89799881,56.36600113,55.96099854,55.75899887,55.45800018,55.27600098,58.30400085,60.46900177,62.76499939,64.81999969,66.63200378,68.1760025,67.53600311,67.03800201,67.05899811,66.93399811,66.51000214,66.26200104,65.83100128,65.33599854,64.96600342,64.85600281,64.66899872,64.27799988,63.85200119,63.38399887
Kyrgyz Republic,36.76499939,38.7519989,39.37599945,42.44499969,47.49200058,47.36999893,48.64899826,48.90399933,53.20600128,54.7840004,54.78900146,48.67399979,42.98899841,38.68600082,37.34000015,35.35499954,33.85100174,33.52500153,32.46099854,31.58600044,30.66699982,29.57999992,32.91400146,34.46300125,31.94000053,27.81399918,27.68600082,27.5909996,27.4829998
Cambodia,77.26999664,76.93699646,77.05599976,76.93000031,76.84300232,76.4960022,76.33499908,76.14199829,75.47499847,74.90799713,69.68099976,66.97899628,64.22000122,60.88399887,57.46699905,54.00600052,50.34000015,46.82799911,43.58300018,40.04000092,36.47299957,32.84500122,32.375,31.87100029,31.45700073,31.06900024,30.7159996,30.375,30.03199959
"Korea, Rep.",18.56699944,16.74300003,16.17200089,15.01599979,14.04599953,13.17599964,12.76599979,14.29699993,12.97900009,12.24600029,11.30799961,10.67000008,10.14400005,9.253000259,8.927000046,8.63599968,8.270999908,7.927000046,7.513000011,6.879000187,6.754000187,6.324999809,6.106999874,5.630000114,5.104000092,4.724999905,4.47300005,4.414000034,4.355999947
Kuwait,0.077,0.071999997,0.059,0.052000001,0.048999999,0.050999999,0.052000001,0.052000001,0.055,0.056000002,0.056000002,0.056000002,0.054000001,0.052999999,0.052000001,0.050999999,0.050000001,0.050000001,0.050999999,0.052999999,0.052999999,0.052000001,0.050999999,0.050999999,0.048999999,0.048,0.046999998,0.046,0.044
Latin America & Caribbean (excluding high income),13.07273081,13.0838249,13.09654421,13.07722769,13.13871994,12.64135796,12.937591,12.1753036,12.60533135,12.52420865,12.97591646,13.20447585,13.06943838,13.1220743,12.93073396,12.28378275,11.54269029,10.97030364,10.59891018,10.43031658,10.20814772,8.298320758,7.958466306,7.833179635,7.672641704,7.771196733,7.661219645,7.632016415,7.597347656
Lao PDR,90.19000244,90.06700134,89.87400055,89.68699646,89.3710022,88.67199707,87.1780014,87.17500305,86.45700073,85.61100006,84.72100067,83.83799744,82.83499908,81.64399719,80.48500061,79.53800201,78.05799866,76.51499939,75.0530014,73.76300049,73.36100006,72.89499664,72.13600159,71.47299957,70.92199707,70.61399841,70.1760025,69.75299835,69.33499908
Lebanon,21.00900078,20.96699905,20.80900002,20.59499931,20.34799957,20.04700089,19.83499908,19.81599998,19.59700012,19.22200012,19.11700058,18.85199928,18.56500053,18.19400024,18.01300049,17.88199997,17.63500023,17.30800056,17.0170002,16.74600029,16.67399979,16.5909996,16.56299973,16.45299911,16.2670002,16.00099945,15.83699989,15.65100002,15.44900036
Liberia,45.22299957,49.0890007,53.36700058,56.42100143,61.36999893,60.35599899,51.07099915,49.03900146,47.19100189,45.19800186,46.44900131,46.48799896,50.56399918,49.86000061,49.00699997,48.40800095,48.02099991,47.83499908,47.77500153,47.49200058,46.90399933,46.31700134,45.63700104,45.81299973,46.05899811,46.5379982,46.43299866,46.13600159,45.76699829
Libya,11.26099968,11.24300003,11.21800041,11.09599972,11.09000015,10.9989996,10.87699986,10.72299957,10.71199989,10.71899986,10.64500046,10.79199982,10.6260004,10.57699966,10.41600037,10.28899956,10.08399963,10.03299999,9.796999931,9.68999958,10.2840004,9.543999672,9.635000229,9.857000351,9.845999718,9.772999763,9.470000267,9.206999779,8.991000175
St. Lucia,14.12300014,14.06400013,13.97900009,16.81599998,17.92200089,18.18300056,13.36800003,16.02700043,15.29599953,13.78899956,12.97200012,12.07900047,11.13500023,10.43599987,9.654999733,8.94299984,8.232000351,7.676000118,7.06799984,6.471000195,5.923999786,5.382999897,4.916999817,4.441999912,4.012000084,4.197000027,4.15199995,4.097000122,4.043000221
Latin America & Caribbean,12.6466568,12.65255171,12.66670942,12.62150971,12.68247005,12.20635434,12.466416,11.7410407,12.15267561,12.0797758,12.53037127,12.75343658,12.62797835,12.69208239,12.52478744,11.91166872,11.1881786,10.66063417,10.31340166,10.14189348,9.918621336,8.108316327,7.783149693,7.652542194,7.502064689,7.610211503,7.519065755,7.489757942,7.453938982
Least developed countries: UN classification,76.66403458,77.04868974,77.04766813,76.92277687,76.29188342,75.46055923,75.08153748,74.75757073,74.38207752,74.03310125,73.68860332,73.17734796,72.71522207,72.22547196,71.63326815,70.69763768,69.94532842,69.37732379,68.58728957,67.6289891,66.78944556,65.86586026,65.43243207,64.79329403,64.29589625,64.07975406,63.32341574,62.99963255,62.65990856
Low income,75.56296042,76.27303902,76.42440173,76.60696532,76.36517621,75.88713547,75.80247279,75.63212973,75.30511823,75.21075544,75.22336154,74.94614106,74.77884972,74.58240009,74.25024636,73.53994701,72.84989478,72.34533908,71.68604359,70.74373241,69.82393871,69.00576577,68.61278463,67.93141296,67.45819816,67.3925204,67.06770809,66.74556177,66.39855459
Sri Lanka,44.08800125,47.35100174,43.95500183,46.56200027,42.27799988,40.76800156,45.10599899,49.71699905,48.57799911,47.31100082,46.31100082,44.55500031,43.22200012,41.95899963,40.68600082,39.30400085,37.97900009,37.52600098,36.98799896,38.18500137,36.04800034,33.83800125,33.29999924,31.88899994,31.50799942,30.3409996,29.41799927,29.23200035,29.03700066
Lower middle income,62.69835633,62.81295684,61.89296166,61.11860268,60.4853839,60.41955257,59.77372896,59.98615025,59.50013037,59.90983221,59.28374156,59.11259107,58.99866819,58.19811772,57.62833553,56.09344093,55.0578581,54.21399869,52.92917171,51.90414778,50.31870204,48.46038515,47.92113803,47.25391311,46.45515289,45.68805402,44.92021915,44.56429716,44.20156044
Low & middle income,53.66796218,53.34290656,52.14621516,51.2563234,50.16020894,49.36087402,48.84037751,48.83363473,48.90900349,48.93659978,48.5223141,48.33122601,47.8882413,46.5863267,45.48486991,43.99336043,42.83990666,42.00142969,40.94586806,40.03391366,38.76105288,37.39570302,36.43309153,35.46649427,34.90218151,34.45377016,34.03214192,33.94033017,33.85987947
Lesotho,66.24700165,65.96299744,65.6309967,64.97699738,65.0039978,64.43699646,64.28399658,64.59600067,64.79199982,64.50099945,64.80699921,64.93199921,64.36299896,64.21900177,63.85200119,63.59500122,63.11399841,62.76699829,61.68999863,60.8429985,60.54100037,59.61600113,59.52199936,59.56299973,59.25899887,59.00099945,58.56399918,58.21900177,57.87599945
Late-demographic dividend,48.65669239,48.00946531,46.45663411,45.14669815,43.48044046,42.18712628,41.66017476,41.55972474,41.85735347,41.77359624,41.31949005,40.92278104,40.01614576,38.1722421,36.43944372,34.72857281,33.18396898,32.20677774,31.07920064,30.09242752,28.86875256,27.59777258,25.9823299,24.40375054,23.56969395,22.790005,22.09472945,21.89565805,21.70695192
Lithuania,18.38500023,18.38100052,18.51499939,18.43300056,18.31699944,18.11899948,17.88400078,16.50200081,15.91399956,15.20800018,13.02700043,14.91399956,15.55300045,13.50899982,11.50699997,11.46000004,8.597999573,5.902999878,6.657999992,6.487999916,6.456999779,6.346000195,6.100999832,6.743999958,6.627999783,5.541999817,5.409999847,5.302999973,5.222000122
Luxembourg,2.740999937,2.726000071,2.670000076,2.78399992,3.457999945,1.613000035,1.23300004,1.675999999,1.45599997,1.49000001,1.041000009,1.006000042,1.838000059,1.483999968,1.085000038,1.195000052,1.148000002,1.174999952,0.856999993,0.741999984,0.814999998,0.89200002,0.915000021,0.841000021,0.745000005,0.606999993,0.698000014,0.684000015,0.670000017
Latvia,14.04599953,14.20499992,14.28499985,14.13099957,13.92599964,13.77900028,19.18000031,16.67300034,15.16699982,13.07800007,12.36900043,12.08600044,10.09899998,9.881999969,7.995999813,8.442000389,7.781000137,5.761000156,6.179999828,5.728000164,5.342999935,4.849999905,4.90199995,4.471000195,5.044000149,5.059000015,4.205999851,4.129000187,4.050000191
"Macao SAR, China",1.643000007,1.629999995,1.608999968,1.595000029,1.574000001,1.562999964,1.546000004,1.536000013,1.531999946,1.519999981,1.5,1.483999968,1.449000001,1.424000025,1.411000013,1.39199996,1.381000042,1.356999993,1.338000059,1.304999948,1.282999992,1.258000016,1.243999958,1.22300005,1.213000059,1.19599998,1.172000051,1.15199995,1.133000016
Morocco,59.51300049,59.31299973,59.23199844,58.9129982,58.93000031,58.61800003,58.49700165,58.17499924,57.93600082,57.69200134,57.31900024,57.15399933,56.89699936,60.43199921,61.47399902,61.40399933,60.64300156,60.49900055,60.63700104,61.02600098,61.20500183,60.06499863,59.88999939,59.72299957,59.67300034,59.60200119,59.43399811,59.2179985,58.97499847
Moldova,42.56900024,40.74000168,43.16999817,45.39099884,44.23899841,42.07099915,40.63199997,44.83100128,47.73199844,49.89599991,50.4109993,48.69300079,41.76900101,40.06999969,40.1780014,32.01399994,30.06599998,28.34300041,24.81699944,24.44300079,24.1079998,23.20599937,25.38299942,26.59399986,29.72699928,30.30699921,27.94799995,27.7840004,27.66500092
Madagascar,79.33599854,79.46700287,79.5530014,80.19200134,79.76000214,79.61599731,79.48999786,79.32499695,79.14700317,78.96299744,78.58000183,80.14199829,79.35099792,81.30699921,82.48699951,80.42700195,77.94799805,75.30400085,73.50800323,71.23999786,68.95700073,66.01899719,66.26399994,65.91899872,65.74099731,65.5,65.27500153,64.95800018,64.60700226
Maldives,8.498999596,8.592000008,8.699999809,8.807999611,8.916999817,8.996999741,9.065999985,9.138999939,9.199000359,9.244000435,9.147999763,8.994000435,8.772000313,8.062999725,7.528999805,6.801000118,6.193999767,5.649000168,5.153999805,4.65199995,4.177000046,3.753999949,3.348999977,2.983999968,2.63499999,2.313999891,2.243999958,2.198999882,2.157999992
Middle East & North Africa,36.94934279,37.69197298,35.55607297,35.64223826,33.69765475,32.82954369,32.11821279,30.3834783,29.46939741,31.61159775,29.24670929,27.86192952,30.1422629,31.68692005,31.56530965,29.84139884,30.81284223,29.13578666,28.83656668,27.1709132,26.26893963,24.10041975,24.70774901,24.29523205,23.11610657,22.41779412,21.88340532,21.77214741,21.65818991
Mexico,9.772000313,10,10.24600029,10.00199986,9.743000031,9.609999657,11.63700008,7.78000021,8.409000397,6.559000015,5.802000046,5.933000088,5.004000187,5.313000202,4.822000027,4.540999889,4.493000031,4.315000057,3.825999975,3.855999947,3.898000002,4.098999977,3.862999916,3.690999985,3.657000065,3.572999954,3.739000082,3.693000078,3.644000053
Middle income,51.51470856,51.07835726,49.72463575,48.70527612,47.48236459,46.62831162,46.0375096,46.01449033,46.10470478,46.11854775,45.6175311,45.39344632,44.87627762,43.41389106,42.18201768,40.55417117,39.30526421,38.36001734,37.1990189,36.22641435,34.84105934,33.33308785,32.22849049,31.14309408,30.47453821,29.87077604,29.33848457,29.16829154,29.00705062
North Macedonia,27.00499916,26.61400032,26.55999947,26.42000008,26.09399986,25.87199974,25.65299988,25.48200035,25.30900002,25.09399986,24.87400055,24.69300079,22.19799995,21.61599922,20.9279995,20.32600021,17.2840004,17.67200089,18.05900002,18.42300034,18.77799988,17.58200073,20.28000069,18.49399948,17.50099945,15.76299953,15.8739996,15.71899986,15.54800034
Mali,71.1210022,71.07299805,71.23100281,70.34799957,70.54100037,70.15000153,69.91999817,69.34700012,69.0019989,69.08399963,67.98000336,67.96900177,66.97899628,67.16899872,67.18099976,66.71600342,66.66899872,66.4469986,66.37200165,66.13200378,66.06199646,66.69000244,66.48300171,66.14800262,61.93299866,64.25299835,63.94599915,63.47000122,63.02399826
Malta,0.949000001,0.92900002,0.913999975,0.896000028,0.873000026,0.85799998,0.845000029,0.828000009,0.81400001,0.797999978,0.77700001,0.671999991,0.591000021,0.866999984,0.588999987,0.31400001,0.388000011,0.395999998,0.451000005,0.275999993,0.206,0.345999986,0.463999987,0.437999994,0.386999995,0.254999995,0.223000005,0.216999993,0.211999997
Myanmar,70.45400238,69.92500305,69.89700317,69.51599884,67.71700287,66.11599731,64.34999847,63.63499832,62.86600113,61.72700119,60.99000168,60.11999893,58.88999939,57.93199921,56.98400116,55.98400116,55.22399902,54.40599823,53.63700104,53.03099823,52.62099838,51.97999954,51.25799942,50.7179985,50.06999969,47.70399857,45.38100052,44.91199875,44.43700027
Middle East & North Africa (excluding high income),43.92909039,43.80395882,41.58103948,41.86161476,40.49149834,39.45699941,38.68571331,36.70365098,35.53283907,38.12013931,35.28865028,33.69550651,36.31608635,38.09239053,38.0992887,36.22336904,37.44460157,35.9935893,35.72615205,34.1448933,33.45685345,31.00897334,31.95233409,31.79158712,30.57489243,29.73274593,29.1492323,29.02289457,28.85739833
Montenegro,8.583000183,8.451999664,8.312999725,8.18200016,8.055999756,7.936999798,7.821000099,7.706999779,7.592999935,7.480999947,7.355000019,7.249000072,7.142000198,8.00399971,8.73900032,8.470000267,8.145999908,6.798999786,5.631999969,4.639999866,4.290999889,4.702000141,2.572999954,4.573999882,8.163999557,7.394000053,6.928999901,6.835000038,6.736999989
Mongolia,41.56100082,43.00699997,43.29299927,43.41500092,44.98799896,44.94200134,47.49599838,48.62900162,48.22499847,46.38399887,46.32699966,42.17699814,44.92100143,37.24200058,36.49100113,35.23300171,40.14099884,39.10300064,38.64500046,32.15299988,32.48199844,34.09500122,28.29999924,26.19499969,26.94300079,27.93099976,26.08699989,25.96800041,25.80999947
Mozambique,92.8219986,92.94499969,92.72899628,92.52600098,92.52899933,91.85800171,91.4980011,91.10700226,90.80400085,90.56900024,90.08899689,89.83100128,89.81999969,89.46099854,88.91200256,88.55400085,88.04699707,87.56500244,87.11000061,86.45899963,85.70500183,84.89800262,83.96299744,83.0530014,82.16200256,82.0510025,81.9469986,81.76200104,81.48999786
Mauritania,64.83300018,64.51899719,64.24700165,64.34500122,63.61999893,62.9980011,63.08499908,62.77500153,62.30899811,62.09700012,61.83399963,61.36999893,60.86600113,60.53699875,59.97000122,59.47100067,58.59199905,58.65299988,57.98799896,57.84700012,57.9109993,57.0340004,56.71099854,55.61299896,54.8390007,55.24100113,54.92200089,54.47700119,53.99900055
Mauritius,12.73400021,12.69099998,12.27700043,11.875,12.64000034,11.18099976,10.29899979,9.69699955,8.694999695,8.772000313,10.96199989,8.949000359,12.61699963,8.218999863,8.960000038,8.088999748,7.863999844,7.688000202,8.147999763,7.571000099,6.339000225,6.40199995,6.333000183,6.237999916,6.166999817,6.059000015,5.986999989,5.902999878,5.81799984
Malawi,82.36599731,82.7009964,82.76399994,81.42900085,80.875,80.69400024,80.11399841,80.5039978,80.6210022,80.92299652,81.40699768,81.52899933,81.08000183,80.78199768,80.53700256,80.06500244,79.16899872,78.91999817,78.55500031,78.15000153,77.89900208,77.69999695,77.51399994,77.24199677,77.11799622,76.98100281,76.85900116,76.69300079,76.48100281
Malaysia,20.38899994,20.13800049,19.11300087,18.00300026,16.97299957,17.11000061,14.31599998,15.13599968,13.59500027,14.11200047,12.03999996,11.61400032,10.96100044,10.45600033,10.13300037,9.977000237,9.901000023,8.923999786,8.947999954,8.876999855,6.664999962,8.25399971,8.362000465,8.354000092,7.880000114,6.80700016,6.710000038,6.617000103,6.52699995
North America,1.372860773,1.336782086,1.268966053,1.575879038,1.577946134,1.536012514,1.464536676,1.416056988,1.413147716,0.936086442,0.885994574,0.888599944,0.86488927,0.829330416,0.812903915,0.807464002,0.72785986,0.738293549,0.733356192,0.776723863,0.807331753,0.803009724,0.719396347,0.738624775,0.772016126,0.814839217,0.788580838,0.776217435,0.764123115
Namibia,52.11899948,49.76599884,47.61999893,45.85100174,43.56399918,41.48199844,39.3409996,35.85599899,32.3390007,29.12599945,28.34700012,27.46500015,26.31399918,25.26600075,26.2329998,27.23999977,28.04199982,29.0170002,29.64999962,30.3560009,28.36000061,26.61100006,30.84499931,30.29800034,23.66399956,17.92099953,17.77000046,17.56399918,17.34300041
New Caledonia,4.762000084,4.681000233,4.607999802,4.52699995,4.443999767,4.363999844,3.986000061,3.60800004,3.28399992,2.976999998,2.688999891,2.441999912,2.211999893,1.995000005,1.794999957,1.67900002,1.661000013,1.552000046,1.539999962,1.521000028,1.498999953,1.476999998,1.462000012,1.444000006,1.419999957,1.399000049,1.376000047,1.350999951,1.327000022
Niger,73.0019989,74.04599762,74.11799622,73.97100067,74.94599915,74.83599854,75.01799774,74.63400269,74.72599792,75.14600372,75.24199677,75.1289978,74.68499756,74.76999664,74.59100342,74.39299774,74.38600159,74.09500122,74.14900208,73.86499786,73.73100281,72.92900085,72.43900299,72.04199982,71.96099854,71.92299652,71.74500275,71.47799683,71.1780014
Nigeria,45.09199905,45.31100082,44.74599838,44.00799942,44.74100113,44.55899811,44.08599854,42.95800018,42.86700058,43.13000107,42.25099945,42.85400009,42.10499954,39.56700134,38.31000137,36.48600006,35.07400131,33.93399811,32.30400085,31.62899971,30.68499947,29.51000023,28.19799995,27.59199905,26.95100021,26.72200012,26.60099983,26.38899994,26.13800049
Nicaragua,9.699999809,9.576999664,9.458000183,9.397000313,9.326999664,9.312000275,9.309000015,9.343999863,9.376999855,9.451999664,9.534999847,9.612999916,9.684000015,10.17099953,8.104000092,8.362999916,8.524999619,6.242000103,8.43599987,11.23999977,14.31999969,17.45999908,13.31299973,9.300000191,9.277999878,9.234999657,9.217000008,9.18200016,9.13599968
Netherlands,2.720000029,2.700000048,2.671999931,2.525000095,2.259000063,2.280999899,2.387000084,2.415999889,2.269999981,2.382999897,2.436000109,2.032999992,2.00999999,2.13499999,2.176000118,2.078000069,1.881999969,1.769000053,1.713999987,1.838999987,1.633000016,1.608999968,1.238000035,1.394999981,1.508000016,1.383999944,1.462000012,1.437999964,1.414000034
Norway,3.290999889,3.174000025,3.163000107,2.895999908,3.305999994,3.114000082,2.750999928,2.573999882,2.463999987,2.313999891,2.157999992,1.968000054,2.122999907,1.743999958,1.592000008,1.501000047,1.317000031,1.253000021,1.195000052,1.026000023,0.885999978,0.842000008,0.930000007,1.024000049,0.921000004,0.98299998,0.943000019,0.924000025,0.907000005
Nepal,90.38400269,89.99099731,89.54100037,88.88600159,88.41000366,87.74900055,87.02100372,86.23500061,85.36499786,84.9960022,84.71099854,84.84799957,84.63600159,84.34100342,84.10500336,83.81999969,83.54499817,83.07099915,82.76799774,82.52100372,82.35199738,81.93599701,81.59999847,81.13200378,80.8690033,80.85700226,80.3259964,80.05999756,79.81300354
New Zealand,7.664999962,7.610000134,7.479000092,7.302000046,6.554999828,6.184999943,5.587999821,5.702000141,6.697999954,5.836999893,6.041999817,5.693999767,5.452000141,5.171000004,4.999000072,5.198999882,4.933000088,4.84499979,4.368999958,4.382999897,4.629000187,4.471000195,4.232999802,3.936000109,3.957000017,4.359000206,4.260000229,4.205999851,4.15199995
OECD members,8.002856004,7.611391422,6.965965601,7.188296715,7.0044022,6.8272129,6.559497604,6.27102389,6.165278445,5.490796449,5.292534021,5.116436296,4.74348335,4.344670384,4.174373903,3.9729954,3.83404546,3.675428764,3.566381934,3.628853096,3.638230496,3.557044622,3.404306924,3.243650146,3.176608167,3.043153663,3.020296609,2.990688277,2.950718974
Oman,5.334000111,5.188000202,5.02699995,5.076000214,5.076000214,5.050000191,5.131999969,5.118999958,5.308000088,5.407999992,4.668000221,4.136000156,3.697999954,3.26699996,2.871999979,2.443000078,2.049000025,1.705000043,0.916999996,0.465999991,0.463999987,0.446999997,0.432000011,0.421000004,0.404000014,0.400999993,0.395999998,0.388999999,0.381999999
Other small states,34.82472255,34.38913064,33.98623154,33.50972413,32.97211553,32.48445081,31.86935194,31.89996369,31.90996995,31.21673593,30.86260488,30.67663755,30.53578856,30.06925375,30.15275536,29.74902419,29.40022461,29.24637771,29.20869045,28.9572892,28.49552916,28.24467556,28.19029513,28.06022851,27.42616111,26.92909518,26.77160757,26.63787701,26.60823276
Pakistan,66.64600372,66.34700012,66.1309967,65.95300293,66.02100372,65.68299866,65.54399872,65.46700287,65.27500153,65.03700256,64.91000366,64.70500183,64.40799713,65.92199707,67.2460022,69.11100006,72.7519989,75.34200287,72.8809967,74.0759964,74.44999695,74.82099915,75.14700317,73.19000244,72.06199646,73.13500214,72.96199799,72.72299957,72.49700165
Panama,3.414999962,3.099999905,3.088000059,2.52699995,3.463000059,2.70600009,2.325000048,1.909999967,1.952000022,1.781999946,3.153000116,3.088000059,3.813999891,3.026000023,4.337999821,4.510000229,3.335999966,7.22300005,7.888999939,7.547999859,6.772999763,8.274999619,8.975000381,8.156000137,7.850999832,8.857000351,8.673999786,8.571000099,8.463000298
Peru,33.5379982,33.3769989,33.11500168,32.72100067,32.51399994,32.35800171,32.12900162,31.91799927,31.77599907,31.4090004,31.36400032,31.10400009,32.88999939,31.97400093,32.60300064,30.80800056,27.22599983,26.62999916,26.79500008,26.60400009,26.64500046,26.13199997,26.33799934,26.82099915,27.04299927,27.36400032,26.05999947,25.79700089,25.5529995
Philippines,30.50600052,32.05599976,32.99300003,30.92900085,31.35499954,30.51300049,28.50399971,26.38800049,27.19000053,24.04500008,24.31299973,24.62999916,24.23900032,23.75499916,23.48699951,23.14699936,22.73600006,22.36599922,22.11800003,21.74699974,21.39599991,20.93300056,20.11000061,20.18899918,18.68600082,17.29500008,15.32499981,15.15100002,14.97999954
Papua New Guinea,75.86299896,75.65100098,74.93000031,74.59100342,74.8239975,74.23500061,74.19400024,74.40399933,74.97000122,76.00700378,75.7990036,75.84600067,75.89900208,75.7480011,75.56700134,75.50900269,74.65399933,74.68499756,73.87400055,73.36599731,72.95300293,72.27400208,71.87200165,71.18800354,70.73600006,70.5759964,70.40399933,70.18800354,69.93800354
Poland,26.1420002,25.61300087,24.85300064,23.99500084,22.46699905,21.96999931,21.01199913,20.11899948,19.26499939,18.375,19.43499947,19.00200081,16.9659996,16.57600021,16.64299965,15.01599979,14.16899967,13.82499981,13.16300011,12.68599987,12.2489996,11.72500038,10.94799995,10.27099991,10.37100029,9.407999992,8.883999825,8.763999939,8.647000313
Pre-demographic dividend,67.49682108,67.94702943,68.19733987,68.21344261,68.09831773,67.74502215,67.55263565,67.08362865,66.95537359,66.94573974,66.82936046,66.6679351,66.23844476,65.61071204,65.12800632,64.19505837,63.39487993,62.89056736,61.93324313,61.08346374,60.17855437,59.01818295,58.53182119,57.975118,57.57673491,57.61522079,57.42260056,57.18115259,56.91160138
Puerto Rico,0.252000004,0.248999998,0.476999998,0.245000005,0.224999994,0.218999997,0.418000013,0.200000003,0.216999993,0.194000006,0.203999996,0.192000002,0.182999998,0.188999996,0.360000014,0.34799999,0.31400001,0.529999971,0.529999971,0.528999984,0.519999981,0.510999978,0.504000008,0.499000013,0.493999988,0.49000001,0.48300001,0.483999997,0.474000007
"Korea, Dem. Peoples Rep.",63.94599915,64.19999695,64.45400238,64.68000031,64.69300079,64.7990036,64.71299744,64.77799988,64.84200287,64.83699799,64.93199921,64.91600037,64.96499634,64.99900055,65.04299927,65.08000183,65.00299835,65.02700043,64.96900177,64.99199677,64.97000122,64.99500275,64.94599915,64.88600159,64.85800171,64.91500092,64.90200043,64.87599945,64.83999634
Portugal,13.18299961,13.03800011,12.97599983,13.01000023,12.63099957,13.48799992,15.21800041,15.54300022,14.42700005,14.32299995,14.68599987,13.91899967,14.02000046,12.91399956,13.08899975,12.52799988,12.36999989,12.05200005,11.67599964,10.91499996,8.802000046,8.913999557,7.897999763,6.294000149,5.392000198,4.787000179,4.18200016,4.118000031,4.053999901
Paraguay,21.61899948,21.43000031,21.22299957,21.01799965,20.74900055,20.55200005,20.30599976,20.12299919,19.9659996,19.81200027,19.6439991,19.52799988,19.55900002,24.09600067,22.28800011,20.72500038,22.55900002,17.85700035,20.63299942,18.11400032,19.48500061,22.2840004,15.98999977,16.13299942,13.96899986,14.67700005,14.97000027,14.80900002,14.65499973
West Bank and Gaza,27.25799942,27.20100021,27.15099907,27.31999969,27.01199913,28.79899979,29.67099953,30.73800087,31.98200035,34.62799835,26.62100029,30.43600082,34.18799973,34.02099991,32.86199951,35.04999924,36.6780014,28.68199921,24.61700058,21.39599991,22.14100075,23.66900063,20.8560009,20.80400085,13.09000015,8.99600029,7.671000004,7.623000145,7.574999809
Pacific island small states,51.56311595,51.23099591,51.12374206,50.78616022,50.85881251,50.8155932,50.86104454,50.68107806,50.78242694,51.12613355,50.96638181,51.34276816,51.29818909,50.94865084,50.38686631,49.91175472,49.72628024,49.30875154,49.27556919,49.07550975,48.77215073,48.76395296,48.72461583,48.69652119,48.91696044,48.92321072,48.80835593,48.65314878,48.53244987
Post-demographic dividend,6.173086341,5.979219224,5.719336101,5.647843057,5.456219123,5.193023711,5.009485894,4.853394476,4.639823796,4.33563178,4.134423454,4.002143122,3.887703318,3.703280351,3.603338033,3.482619862,3.342882676,3.209696447,3.148029137,3.09546273,3.024727287,2.897486871,2.786591552,2.446763449,2.388401175,2.320918124,2.270332459,2.229588165,2.194428852
French Polynesia,8.291999817,8.19699955,8.074999809,7.953999996,7.798999786,7.673999786,7.215000153,6.781000137,6.387000084,5.986999989,5.616000175,5.28000021,5.376999855,5.460000038,5.547999859,5.626999855,5.714000225,5.65899992,5.677000046,5.613999844,5.524000168,5.472000122,5.409999847,5.329999924,5.252999783,5.178999901,5.103000164,5.022999763,4.945000172
Qatar,0.015,0.014,0.014,0.013,0.012,0.012,0.011,0.016000001,0.023,0.030999999,0.039000001,0.055,0.075000003,0.094999999,0.093000002,0.089000002,0.07,0.045000002,0.041999999,0.035,0.029999999,0.029999999,0.030999999,0.029999999,0.027000001,0.027000001,0.027000001,0.026000001,0.026000001
Romania,33.70199966,37.73400116,40.42599869,44.03300095,46.19100189,42.4090004,45.03699875,45.79600143,47.58800125,47.95500183,47.44499969,40.06999969,39.60400009,32.9980011,33.05400085,31.42499924,31.00600052,30.3939991,30.71100044,32.35499954,31.09000015,31.01300049,30.35400009,29.30999947,25.60899925,22.63800049,22.3029995,22.0890007,21.87800026
Russian Federation,9.949000359,10.83899975,10.91800022,11.28600025,10.89799976,10.42099953,7.907000065,7.46999979,12.35000038,11.72200012,9.322999954,8.93999958,8.163999557,7.712999821,7.906000137,7.644999981,6.81799984,6.597000122,6.397999763,5.56400013,5.683000088,5.407000065,5.399000168,5.151000023,5.107999802,5.014999866,4.031000137,3.987999916,3.944999933
Rwanda,94.01200104,93.74500275,94.0039978,95.53199768,94.37000275,94.12000275,93.71399689,93.68800354,93.71299744,93.63500214,93.58100128,93.20899963,92.02200317,90.26499939,87.85199738,87.51399994,87.12200165,86.58999634,86.4960022,86.26000214,86.16300201,85.89299774,82.72100067,78.39199829,77.69400024,77.49900055,77.1190033,76.68599701,76.22399902
South Asia,76.87528327,76.70777625,76.38534839,76.08441677,75.70887241,75.32658736,75.1657992,74.91709158,74.54044363,74.39361415,73.89700024,73.29036456,72.60679372,71.93936261,71.27596523,70.33934977,69.55872994,68.88344424,67.66147093,66.66834495,64.58673328,62.51117062,62.17191903,61.61705078,61.11241568,60.84235151,60.01227122,59.58326484,59.15767366
Saudi Arabia,0.370000005,0.35800001,0.432000011,0.513999999,0.600000024,0.689999998,0.778999984,0.860000014,0.970000029,2.303999901,0.777999997,0.600000024,0.546999991,0.49000001,0.444999993,0.405000001,0.425000012,0.048999999,0.147,0.169,0.191,0.209000006,0.230000004,0.279000014,0.546000004,0.119999997,0.119000003,0.115999997,0.112000003
Sudan,68.00299835,67.56700134,67.26799774,67.22699738,66.86199951,66.45700073,65.88899994,65.65100098,65.5039978,65.1780014,64.84500122,64.51200104,64.09999847,63.90200043,63.5,62.93000031,62.26300049,61.78900146,60.95600128,60.6570015,60.76300049,60.2519989,59.89199829,59.94400024,59.52099991,59.22700119,58.94800186,58.8429985,58.67300034
Senegal,46.5890007,46.75999832,46.92599869,47.44300079,47.28900146,47.4129982,47.20899963,46.81200027,46.29899979,46.27600098,45.99300003,45.27000046,44.47200012,43.22399902,42.23199844,41.11299896,39.7480011,38.84199905,38.01300049,36.6269989,35.0359993,33.5929985,31.96299934,30.2859993,28.55800056,28.16600037,27.72500038,27.26799965,26.79599953
Singapore,0.115999997,0.088,0.046999998,0.134000003,0.119000003,0.096000001,0.411000013,0.419,0.409000009,0.456,0.508000016,0.409999996,0.515999973,0.419999987,0.535000026,0.532000005,0.524999976,0.523000002,0.707000017,0.419,0.252999991,0.294,0.317999989,0.291000009,0.256000012,0.245000005,0.238000005,0.231999993,0.231999993
Solomon Islands,68.71399689,68.14399719,67.94300079,67.3809967,67.39199829,67.09300232,67.12799835,66.57800293,66.52200317,67.1760025,66.55799866,67.46399689,67.66899872,67.07700348,65.90200043,65.43599701,65.42500305,64.89499664,65.11100006,64.85700226,64.38800049,63.91400146,63.5379982,63.33200073,63.22000122,62.93099976,62.68999863,62.45600128,62.20399857
Sierra Leone,66.76399994,67.76799774,67.69799805,67.27899933,68.31199646,71.32299805,73.35399628,73.45899963,74.4469986,74.38200378,72.84999847,71.14199829,70.85600281,71.05599976,70.33499908,69.48500061,68.24500275,66.94100189,65.88600159,64.1989975,62.62400055,60.32699966,57.71699905,55.86899948,57.98600006,57.79199982,57.48699951,57.04800034,56.56499863
El Salvador,7.848999977,7.874000072,8.192000389,8.18599987,7.675000191,7.750999928,6.986999989,6.296999931,4.65899992,3.756999969,4.071000099,2.609999895,3.84100008,3.377000093,4.782000065,4.699999809,3.825000048,4.765999794,4.757999897,5.350999832,6.631000042,5.090000153,4.547999859,4.107999802,3.888000011,4.066999912,3.905999899,3.898999929,3.884000063
Somalia,79.58799744,79.75,79.95200348,80.06199646,79.70700073,79.52500153,79.12799835,79.06600189,79.00299835,78.96800232,78.77799988,78.53800201,78.51499939,78.28399658,77.99500275,77.81099701,77.58899689,77.39499664,77.15599823,76.81700134,76.50800323,76.59500122,76.65699768,76.80999756,76.65899658,76.47399902,76.46499634,76.38999939,76.27799988
Serbia,27.25900078,26.88500023,26.48600006,26.27499962,25.99799919,25.82999992,25.68799973,25.44199944,25.15099907,24.8390007,24.63400078,24.51399994,24.33499908,24.12899971,23.32099915,19.20800018,19.52300072,25.96699905,23.02700043,21.01300049,19.40500069,18.96199989,19.80800056,17.81800079,16.29000092,16.16600037,14.92800045,14.74499989,14.56499958
Sub-Saharan Africa (excluding high income),65.1055634,65.54619355,65.48065359,65.2656605,65.10448581,64.6286963,64.43650091,64.0587033,63.86616194,63.93244481,63.90534907,64.31120421,64.24319228,63.82855183,63.42167783,62.56534383,61.79295236,60.93327789,60.17403296,59.47170016,58.59324975,57.69003615,56.96598366,56.16471028,55.53808304,55.54476886,55.27005471,55.00323031,54.73786297
South Sudan,59.51800156,59.9070015,60.15200043,60.3429985,60.0890007,59.88700104,59.46699905,59.37599945,59.29199982,59.22999954,59.0379982,58.77899933,58.72700119,58.4659996,58.16199875,57.93299866,57.62200165,57.41199875,56.42200089,56.35200119,56.73600006,63.15999985,60.96699905,60.75,59.47900009,60.80799866,61.48500061,61.97600174,62.59199905
Sub-Saharan Africa,65.1055634,65.54619355,65.48065359,65.2656605,65.10448581,64.6286963,64.43650091,64.0587033,63.86616194,63.93244481,63.90534907,64.31120421,64.24319228,63.82855183,63.42167783,62.56534383,61.79295236,60.93327789,60.17403296,59.47170016,58.59324975,57.69003615,56.96598366,56.16471028,55.53808304,55.54476886,55.27005471,55.00323031,54.73786297
Small states,30.06836605,29.61329658,28.76854177,28.41038496,27.91625392,27.48897821,26.96491312,26.92265399,26.81751996,26.40318802,26.14307133,25.98034488,25.67446708,25.2686607,25.23858664,24.98951601,24.80165649,24.74140352,24.83126778,24.72214311,24.47953764,24.30996423,24.28982133,24.15493456,23.73641892,23.39276243,23.3607462,23.23894035,23.23887366
Sao Tome and Principe,20.34900093,20.33399963,20.5,20.05800056,19.92700005,19.55400085,19.13800049,18.6060009,18.33699989,18.2310009,17.77000046,17.58499908,16.97999954,17.28199959,15.55900002,15.18599987,15.10299969,14.22299957,14.2869997,13.96899986,13.69699955,13.49400043,13.28999996,13.13099957,12.79899979,12.73600006,12.59300041,12.36999989,12.1420002
Suriname,3.262000084,3.211999893,2.165999889,2.275000095,3.217999935,1.664999962,2.85800004,3.163000107,3.368000031,3.601000071,3.842000008,4.092999935,4.359000206,4.650000095,4.59499979,4.544000149,4.498000145,4.448999882,4.381999969,4.342000008,4.302000046,4.257999897,4.202000141,4.130000114,4.085000038,4.026000023,3.970000029,3.914999962,3.86500001
Slovak Republic,7.653999805,7.443999767,7.31400013,7.123000145,6.375999928,6.375,6.40500021,5.622000217,4.756000042,4.326000214,3.788000107,4.294000149,3.744999886,2.773000002,2.631000042,2.39199996,2.247999907,2.181999922,2.039999962,1.769999981,1.432000041,1.664000034,1.664999962,1.692000031,1.325000048,1.414999962,1.371000051,1.34800005,1.325999975
Slovenia,10.30000019,10.24600029,10.14799976,11.14000034,10.70100021,9.638999939,12.51200008,12.31200027,10.95699978,9.692000389,9.696000099,9.668999672,8.317000389,9.744999886,9.095000267,9.230999947,10.21700001,8.388999939,8.996999741,8.517999649,7.933000088,7.853000164,8.194000244,9.623999596,7.111000061,4.166999817,4.821000099,4.752999783,4.68900013
Sweden,1.835000038,1.819000006,1.796000004,1.751000047,1.710999966,1.710000038,1.666000009,1.518000007,1.534000039,1.43900001,1.220000029,1.23300004,1.095999956,1.052000046,1.049000025,0.986000001,0.94599998,0.861999989,0.975000024,0.963,0.90200001,0.995000005,0.976999998,0.911000013,1.023000002,1.004999995,1.01699996,0.999000013,0.981999993
Eswatini,14.60200024,14.35299969,14.16699982,14.04699993,13.90299988,13.72399998,13.60000038,13.48700047,13.35000038,13.40600014,13.30799961,13.13700008,12.89999962,12.67000008,12.4989996,12.30500031,12.15699959,12.02900028,11.92800045,11.75399971,11.625,11.52099991,11.28899956,11.14400005,11.08899975,11.02299976,10.92399979,10.85499954,10.7869997
Syrian Arab Republic,52.95100021,52.41400146,51.97800064,56.05400085,59.79199982,58.33200073,56.28699875,53.48199844,50.20500183,61.99300003,57.88800049,53.23099899,49.00600052,43.08800125,37.14099884,31.88800049,26.31900024,22.39800072,18.31399918,15.04699993,12.37800026,12.90999985,13.58500004,13.44099998,13.42700005,13.43500042,13.51799965,13.4460001,13.39299965
Chad,85.65499878,85.15200043,86.05599976,85.95899963,86.01000214,86.23200226,86.23000336,85.95999908,86.21199799,86.58300018,86.2460022,85.80899811,85.9509964,85.13800049,84.34200287,84.78299713,84.64800262,84.78099823,84.17199707,84.97499847,84.1230011,84.05799866,83.54599762,83.15399933,83.18000031,83.62400055,83.99099731,83.86299896,83.65200043
East Asia & Pacific (IDA & IBRD countries),56.98425712,56.2146865,53.96012011,51.88636372,49.78180519,48.40129963,47.56433624,47.67905482,47.60383299,47.72218053,47.27967208,47.14450834,46.39291436,44.24018594,42.30057046,40.29372062,38.80310686,37.83757924,36.49177003,35.32247787,33.8616362,32.80721489,30.91781381,29.26110054,28.28685902,27.13277606,26.29073458,26.07198823,25.85617825
Europe & Central Asia (IDA & IBRD countries),24.65857496,24.83781239,24.39070422,25.73371312,25.8028548,25.37632437,24.15607562,24.18386421,25.99581225,25.06919414,23.82039926,22.59993631,21.70141963,20.24052891,19.97288954,19.31514586,18.60158677,18.35754584,18.18183173,18.09796419,18.11634236,17.67315313,17.51047591,16.21941468,15.79592653,15.2033494,14.7131224,14.67024615,14.62088986
Togo,31.42499924,32.31900024,36.04199982,33.09700012,32.89300156,32.61999893,31.56299973,30.93499947,31.16699982,31.09700012,31.87299919,32.73199844,31.83699989,31.94499969,32.56900024,32.37400055,32.49599838,33.26499939,32.70600128,32.22800064,31.69799995,31.52300072,31.00099945,30.54700089,30.09000015,29.78300095,29.41399956,29.00499916,28.6060009
Thailand,60.82099915,62.0870018,57.50999832,57.02899933,53.44200134,51.5870018,51.48699951,50.08200073,46.96699905,47.55199814,43.68899918,41.5359993,39.34000015,37.10800171,34.55400085,37.69900131,37.55599976,37.59000015,36.55199814,36.05699921,39.20299911,40.36800003,37.2120018,31.15299988,29.8220005,28.41500092,28.15500069,27.89599991,27.64100075
Tajikistan,77.34999847,77.74299622,77.91600037,77.95300293,78.58599854,78.72499847,78.46099854,78.02799988,77.91500092,77.73799896,77.5,77.19400024,76.94599915,76.39299774,75.23200226,74.05599976,72.72100067,71.37400055,70.01499939,69.96099854,69.94799805,69.76499939,69.52899933,69.51999664,69.37799835,69.27100372,69.1230011,68.97000122,68.81400299
Turkmenistan,25.80999947,25.72800064,25.5909996,25.52599907,25.42399979,25.29299927,25.17000008,25.03800011,24.89900017,24.7689991,24.63199997,24.49600029,24.36300087,24.22299957,24.06999969,23.91600037,23.75499916,23.57600021,23.4279995,23.2689991,23.08799934,22.91900063,22.75099945,22.57999992,22.42399979,22.27099991,22.11400032,21.95800018,21.80200005
Latin America & the Caribbean (IDA & IBRD countries),12.71895492,12.72143934,12.73796285,12.71062288,12.78513203,12.29459602,12.55929358,11.80240764,12.22378207,12.14481072,12.62247828,12.86679751,12.75350551,12.83164579,12.67013079,12.05277791,11.32148709,10.77441863,10.41912519,10.2372124,9.998162531,8.153178871,7.825666202,7.685995181,7.533387016,7.645511282,7.553146506,7.52374197,7.488829716
Timor-Leste,56.70999908,56.63600159,56.57799911,56.35200119,56.07099915,55.71300125,55.35300064,55.21300125,58.66999817,55.16799927,53.51100159,54.14199829,54.47900009,54.46900177,53.35499954,51.69200134,51.06900024,50.61100006,50.16999817,50.17900085,49.7519989,49.44400024,49.71500015,50.69800186,48.16600037,49.21500015,49.67900085,49.56700134,49.41199875
Middle East & North Africa (IDA & IBRD countries),44.02376377,43.89712644,41.66367831,41.94510453,40.57088865,39.5219571,38.74375399,36.74353917,35.55665476,38.14471283,35.33641981,33.71335357,36.32964897,38.11847713,38.13164074,36.23137526,37.45026725,36.04646261,35.80571089,34.23362089,33.54652353,31.06754956,32.03791505,31.88474084,30.72165572,29.89078525,29.30548452,29.17275872,29.01038039
Tonga,3.805000067,4.070000172,4.27699995,4.477000237,4.415999889,4.349999905,4.239999771,4.153999805,4.074999809,4.005000114,3.95600009,3.927000046,3.921999931,3.961999893,3.970000029,3.947000027,3.957000017,3.881000042,3.84100008,3.828999996,3.811000109,3.766000032,3.694999933,3.640000105,3.599999905,3.548000097,3.500999928,3.444000006,3.392999887
South Asia (IDA & IBRD),76.87528327,76.70777625,76.38534839,76.08441677,75.70887241,75.32658736,75.1657992,74.91709158,74.54044363,74.39361415,73.89700024,73.29036456,72.60679372,71.93936261,71.27596523,70.33934977,69.55872994,68.88344424,67.66147093,66.66834495,64.58673328,62.51117062,62.17191903,61.61705078,61.11241568,60.84235151,60.01227122,59.58326484,59.15767366
Sub-Saharan Africa (IDA & IBRD countries),65.1055634,65.54619355,65.48065359,65.2656605,65.10448581,64.6286963,64.43650091,64.0587033,63.86616194,63.93244481,63.90534907,64.31120421,64.24319228,63.82855183,63.42167783,62.56534383,61.79295236,60.93327789,60.17403296,59.47170016,58.59324975,57.69003615,56.96598366,56.16471028,55.53808304,55.54476886,55.27005471,55.00323031,54.73786297
Trinidad and Tobago,6.511000156,5.543000221,5.738999844,6.274000168,5.104000092,4.636000156,4.06099987,3.486999989,2.914999962,2.947999954,3.25,2.096999884,2.076999903,2.049000025,1.733999968,2.01699996,1.830000043,1.861999989,1.875,1.922000051,1.958999991,1.388000011,1.271000028,1.276000023,1.381000042,1.598999977,1.585999966,1.562000036,1.534999967
Tunisia,22.84900093,22.62999916,22.46500015,22.32799911,22.20800018,22.06599998,21.93499947,21.74399948,21.58600044,21.46100044,21.29999924,21.18199921,21.02700043,20.87100029,20.75900078,21.54500008,20.37899971,18.625,19.57600021,20.11700058,14.93500042,15.52799988,11.80300045,11.39900017,11.47999954,11.43700027,11.41600037,11.41499996,11.40699959
Turkey,77.04699707,71.78800201,68.48600006,70.81700134,70.76699829,71.07099915,66.71600342,66.50700378,67.29799652,64.71900177,62.00299835,59.13899994,55.73099899,50.74300003,47.36199951,43.54100037,42.59799957,40.11199951,37.79000092,39.20000076,39.26699829,37.09500122,35.55699921,32.76599884,30.99900055,28.5890007,28.20100021,27.88599968,27.64699936
Tanzania,85.43299866,85.65299988,85.77799988,85.81800079,85.94799805,85.87799835,85.7440033,85.61699677,85.40299988,85.16799927,84.92700195,83.57700348,82.13300323,80.40399933,78.23600006,76.10099792,75.37400055,75.1269989,74.53099823,73.98000336,73.27600098,72.71900177,71.93800354,70.85900116,70.65499878,70.43000031,69.90499878,69.39600372,68.85900116
Uganda,81.23300171,81.20200348,80.29699707,80.36000061,79.29000092,78.42700195,78.26499939,77.95700073,77.4240036,77.2480011,76.83699799,76.19200134,76.03399658,76.31500244,76.85099792,76.71900177,76.91699982,77.24199677,77.70400238,75.13700104,73.26899719,71.24199677,77.23500061,76.99700165,76.6269989,76.64800262,76.33999634,76.04299927,75.69200134
Ukraine,21.54800034,21.48699951,21.12800026,21.51600075,21.50900078,21.47500038,21.35400009,21.31500053,21.31100082,21.15399933,20.875,20.71899986,20.48900032,20.24200058,20.13400078,19.97200012,19.80200005,19.6590004,19.69300079,19.62199974,19.71699905,19.13699913,19.25499916,12.96500015,13.14400005,13.18299961,13.05900002,12.97000027,12.90200043
Upper middle income,45.93443285,45.13553015,43.47813646,42.23589234,40.65867765,39.33456167,38.69378485,38.43658092,38.77048159,38.5040109,37.98800269,37.67264821,36.79527334,34.88642321,33.17682035,31.50360027,30.0313327,28.97868574,27.84456612,26.83174957,25.62987973,24.39771358,22.79963792,21.28015212,20.57910249,19.89387982,19.32024153,19.11598799,18.9141157
Uruguay,5.808000088,5.762000084,5.65899992,5.59499979,5.56400013,5.521999836,5.428999901,5.375,5.34100008,5.326000214,5.328000069,5.328000069,5.295000076,5.159999847,5.116000175,4.989999771,4.684000015,4.703000069,4.862999916,5.096000195,4.802000046,4.014999866,4.301000118,4.197000027,4.456999779,3.927000046,3.868000031,3.802999973,3.742000103
United States,1.261000037,1.23300004,1.151000023,1.5,1.521000028,1.478000045,1.404999971,1.34800005,1.356999993,0.859000027,0.836000025,0.834999979,0.811999977,0.776000023,0.75,0.74000001,0.658999979,0.681999981,0.676999986,0.735000014,0.771000028,0.763999999,0.672999978,0.699000001,0.741999984,0.774999976,0.76700002,0.754999995,0.742999971
Uzbekistan,42.66899872,42.90000153,42.6590004,42.49700165,42.44200134,42.13199997,41.88600159,41.48600006,40.59500122,40.46500015,40.30899811,40.1969986,40.09199905,39.94200134,39.8769989,39.68399811,39.39199829,39.18600082,38.9980011,38.79000092,38.58399963,38.38800049,38.20399857,38.0379982,37.85400009,37.6609993,37.51599884,37.375,37.22499847
St. Vincent and the Grenadines,13.96100044,13.30700016,12.66399956,12.00399971,11.41300011,10.79500008,10.22500038,9.666999817,9.123000145,8.586999893,8.078000069,8.003000259,7.93599987,7.866000175,7.789999962,7.732999802,7.637000084,7.596000195,7.511000156,7.407000065,7.304999828,7.210000038,7.122000217,7.034999847,6.958000183,6.873000145,6.781000137,6.697999954,6.611999989
"Venezuela, RB",2.170000076,2.003000021,1.845000029,2.375999928,1.904999971,1.789000034,1.514000058,1.355000019,1.690999985,1.679999948,1.679999948,1.827999949,2.161999941,2.059000015,2.00999999,1.922999978,1.840000033,1.769000053,1.690999985,1.61500001,1.557999969,1.481999993,1.411999941,1.39199996,1.368999958,1.348999977,1.327000022,1.312999964,1.294999957
Virgin Islands (U.S.),0.614000022,0.601999998,0.588,0.575999975,0.564999998,0.555000007,0.54400003,0.536000013,0.527999997,0.518999994,0.510999978,0.504999995,0.495999992,0.486000001,0.477999985,0.469999999,0.463,0.456999987,0.453999996,0.449000001,0.43900001,0.430999994,0.425000012,0.419,0.412,0.405999988,0.400000006,0.393000007,0.386999995
Vietnam,69.59200287,68.8259964,68.09899902,67.39700317,66.80899811,66.45899963,66.02500153,65.60199738,65.4509964,66.28199768,64.96600342,63.13399887,61.71300125,59.99100113,56.96300125,53.7840004,51.47900009,50.82099915,50.01900101,51.18799973,50.94800186,49.50999832,48.7820015,48.12599945,45.45000076,43.48699951,41.47499847,41.10599899,40.74399948
Vanuatu,67.44799805,67.31600189,67.68800354,67.11699677,67.40499878,67.23899841,66.91200256,66.30599976,66.21600342,65.85600281,65.91699982,66.31500244,65.7480011,65.53700256,65.05899811,64.3710022,63.9980011,63.64699936,63.53300095,63.63299942,63.54399872,63.47800064,63.37200165,63.25400162,63.65200043,63.13100052,62.82600021,62.52899933,62.27600098
World,43.47500005,43.32094688,42.42842905,41.71944003,40.80900849,40.1541583,39.70541674,39.70744386,39.73536086,39.71204273,39.37363629,39.23761248,38.87765877,37.85486644,36.95798241,35.69374914,34.72233505,33.99905001,33.23431449,32.52971129,31.5192655,30.41938759,29.63945345,28.84359862,28.36971784,27.97273072,27.62123869,27.55141805,27.50922501
Samoa,19.9640007,19.83099937,19.57299995,19.71199989,19.17000008,18.77799988,18.63800049,18.3409996,18.05900002,17.84399986,17.56500053,15.92500019,14.39700031,13.01399994,11.62199974,10.31900024,9.322999954,8.156000137,6.913000107,5.68200016,4.478000164,3.440999985,3.460000038,3.437999964,3.398000002,3.322999954,3.280999899,3.25,3.219000101
"Yemen, Rep.",84.87200165,85.7990036,86.77899933,87.75700378,84.46299744,80.86799622,76.48100281,71.00700378,66.4489975,61.96300125,56.7140007,51.60599899,46.59199905,41.71099854,41.49499893,42.17499924,42.95500183,44.06399918,43.77299881,44.34000015,48.27799988,49.0320015,50.0379982,51.37900162,53.62400055,57.35800171,58.57699966,58.73600006,58.85300064
South Africa,9.357000351,9.267999649,9.18200016,9.081999779,8.972000122,8.859000206,8.75399971,8.671999931,8.565999985,8.458000183,7.135000229,8.427000046,7.218999863,7.078999996,5.381999969,5.412000179,5.111999989,4.186999798,3.628999949,3.780999899,3.454999924,3.598999977,3.493999958,3.203999996,4.243999958,3.885999918,3.719000101,3.663000107,3.60800004
Zambia,79.96600342,80.41600037,80.27200317,78.81400299,78.46199799,77.97000122,77.72399902,77.35500336,77.44000244,77.6740036,78.00800323,78.41799927,78.75,79.19400024,79.51000214,79.52700043,79.34799957,78.98799896,75.78099823,72.31500244,68.90499878,64.29499817,63.93999863,63.47299957,62.98799896,62.72600174,62.43500137,62.1230011,61.79399872
Zimbabwe,69.9489975,70.23400116,70.83499908,70.56099701,69.85299683,69.75700378,69.53700256,69.14299774,69.76200104,69.84600067,70.33899689,71.09200287,72.39700317,72.34400177,74.49199677,75.81700134,76.72399902,76.03199768,74.36499786,73.19999695,71.75299835,70.98899841,71.05899811,71.68599701,71.50299835,71.52500153,71.38200378,71.47399902,71.61000061
